<?xml version="1.0" encoding="UTF-8"?>
<project-private xmlns="http://www.netbeans.org/ns/project-private/1">
    <data xmlns="http://www.netbeans.org/ns/make-project-private/1">
        <activeConfTypeElem>1</activeConfTypeElem>
        <activeConfIndexElem>0</activeConfIndexElem>
    </data>
    <editor-bookmarks xmlns="http://www.netbeans.org/ns/editor-bookmarks/2" lastBookmarkId="0"/>
    <open-files xmlns="http://www.netbeans.org/ns/projectui-open-files/2">
        <group>
            <file>file:/Users/curtisstephens/Desktop/CSC17C/Assignments/Stephens_Curtis_Review_3/AbsRow.h</file>
            <file>file:/Users/curtisstephens/Desktop/CSC17C/Assignments/Stephens_Curtis_Review_3/PlusTab.h</file>
            <file>file:/Users/curtisstephens/Desktop/CSC17C/Assignments/Stephens_Curtis_Review_3/RowAray.h</file>
            <file>file:/Users/curtisstephens/Desktop/CSC17C/Assignments/Stephens_Curtis_Review_3/Table.cpp</file>
            <file>file:/Users/curtisstephens/Desktop/CSC17C/Assignments/Stephens_Curtis_Review_3/PlusTab.cpp</file>
            <file>file:/Users/curtisstephens/Desktop/CSC17C/Assignments/Stephens_Curtis_Review_3/RowAray.cpp</file>
            <file>file:/Users/curtisstephens/Desktop/CSC17C/Assignments/Stephens_Curtis_Review_3/AbsTabl.h</file>
            <file>file:/Users/curtisstephens/Desktop/CSC17C/Assignments/Stephens_Curtis_Review_3/Table.h</file>
            <file>file:/Users/curtisstephens/Desktop/CSC17C/Assignments/Stephens_Curtis_Review_3/main.cpp</file>
        </group>
    </open-files>
</project-private>
